Ticket_ID,Date,User_Type,Unit_Dept,Issue_Category,Issue_Description,Priority,Response_Time_Hrs,Resolution_Time_Hrs,Status,Resolved,Response_SLA,Is_Delayed,Resolution_Category
HD0001,2026-05-24,Postgraduate Student,Library,ID Card,ID card details incorrect,Low,4.99,8.21,Closed,Yes,Within 8 Hours,No,Medium (8 hrs - 1 week)
HD0002,2026-07-07,Student,Library,Registration,Registration page not responding,Medium,3.71,13.98,Closed,Yes,Within 8 Hours,No,Medium (8 hrs - 1 week)
HD0003,2026-04-23,Staff,Student Affairs,Email,University email not working,High,1.32,5.01,Closed,Yes,Within 8 Hours,No,Fast (< 8 hrs)
HD0004,2026-04-03,Staff,Registry,Internet/Network,Wi-Fi connection unstable,Medium,6.2,10.06,Closed,Yes,Within 8 Hours,No,Medium (8 hrs - 1 week)
HD0005,2026-01-25,Postgraduate Student,College of Animal Science,Software/MIS,Application access problem,Low,2.94,5.22,Closed,Yes,Within 8 Hours,No,Fast (< 8 hrs)
HD0006,2026-01-16,Postgraduate Student,Academic Planning,Software/MIS,Software installation request,Medium,2.02,4.97,Closed,Yes,Within 8 Hours,No,Fast (< 8 hrs)
HD0007,2026-05-01,Student,ICTREC,Hardware,Printer not responding,High,1.71,2.8,Closed,Yes,Within 8 Hours,No,Fast (< 8 hrs)
HD0008,2026-01-23,Student,College of Veterinary Medicine,Payment/Invoice,Payment confirmation delayed,Medium,1.01,3.82,Closed,Yes,Within 8 Hours,No,Fast (< 8 hrs)
HD0009,2026-08-29,Postgraduate Student,Library,Internet/Network,Cannot access campus Internet,Medium,1.49,7.5,Closed,Yes,Within 8 Hours,No,Fast (< 8 hrs)
HD0010,2026-03-14,Staff,Postgraduate School,Email,University email not working,Low,2.31,2.78,Closed,Yes,Within 8 Hours,No,Fast (< 8 hrs)
HD0011,2026-08-27,Postgraduate Student,College of Engineering,Clearance,Unable to complete online clearance,Medium,5.82,4.49,Closed,Yes,Within 8 Hours,No,Fast (< 8 hrs)
HD0012,2026-04-24,Student,Library,Portal,Programme information not updating,Medium,2.7,22.77,In Progress,No,Within 8 Hours,No,Medium (8 hrs - 1 week)
HD0013,2026-06-14,Student,College of Plant Science,Internet/Network,Slow Internet connection,Low,2.82,8.15,Closed,Yes,Within 8 Hours,No,Medium (8 hrs - 1 week)
HD0014,2026-05-26,Student,College of Agricultural Management,Admission,Admission portal error,Critical,0.42,10.21,Pending,No,Within 8 Hours,No,Medium (8 hrs - 1 week)
HD0015,2026-03-21,Postgraduate Student,Postgraduate School,Admission,Change of course not reflecting,High,1.08,5.15,Closed,Yes,Within 8 Hours,No,Fast (< 8 hrs)
HD0016,2026-02-01,Postgraduate Student,Student Affairs,Registration,Registration page not responding,High,1.08,22.04,In Progress,No,Within 8 Hours,No,Medium (8 hrs - 1 week)
HD0017,2026-05-20,Student,College of Engineering,ID Card,ID card details incorrect,Medium,2.58,31.16,In Progress,No,Within 8 Hours,No,Medium (8 hrs - 1 week)
HD0018,2026-05-30,Staff,Academic Planning,Registration,Unable to submit course registration,Low,5.97,9.6,In Progress,No,Within 8 Hours,No,Medium (8 hrs - 1 week)
HD0019,2026-05-25,Staff,College of Plant Science,Registration,Registered course not displaying,Low,4.26,0.79,Closed,Yes,Within 8 Hours,No,Fast (< 8 hrs)
HD0020,2026-07-06,Staff,Library,Email,Mailbox access problem,High,0.72,6.63,Closed,Yes,Within 8 Hours,No,Fast (< 8 hrs)
HD0021,2026-03-09,Postgraduate Student,College of Engineering,Others,System access request,High,2.25,5.65,Closed,Yes,Within 8 Hours,No,Fast (< 8 hrs)
HD0022,2026-01-20,Student,College of Environmental Resources,Payment/Invoice,Invoice not generated,Low,3.57,2.47,Closed,Yes,Within 8 Hours,No,Fast (< 8 hrs)
HD0023,2026-02-07,Student,Library,Clearance,Clearance record not displaying,Medium,1.15,43.06,Pending,No,Within 8 Hours,No,Medium (8 hrs - 1 week)
HD0024,2026-04-23,Student,Postgraduate School,Email,Email messages not being received,Low,2.95,15.3,Closed,Yes,Within 8 Hours,No,Medium (8 hrs - 1 week)
HD0025,2026-07-28,Student,College of Veterinary Medicine,Website/Multimedia,University webpage not updating,Low,4.59,16.44,Pending,No,Within 8 Hours,No,Medium (8 hrs - 1 week)
HD0026,2026-08-16,Staff,Bursary,Internet/Network,Slow Internet connection,Low,4.54,24.61,In Progress,No,Within 8 Hours,No,Medium (8 hrs - 1 week)
HD0027,2026-01-08,Postgraduate Student,Registry,Website/Multimedia,University webpage not updating,Medium,1.79,44.91,In Progress,No,Within 8 Hours,No,Medium (8 hrs - 1 week)
HD0028,2026-08-24,Student,College of Agricultural Management,Software/MIS,System error during data entry,Medium,4.58,12.31,Closed,Yes,Within 8 Hours,No,Medium (8 hrs - 1 week)
HD0029,2026-07-11,Student,Postgraduate School,Payment/Invoice,Receipt cannot be generated,Low,2.4,29.34,In Progress,No,Within 8 Hours,No,Medium (8 hrs - 1 week)
HD0030,2026-07-15,Student,Library,Admission,Admission status not displaying,Medium,3.12,9.22,Closed,Yes,Within 8 Hours,No,Medium (8 hrs - 1 week)
HD0031,2026-01-25,Staff,College of Plant Science,Portal,Programme information not updating,Low,2.92,8.88,Pending,No,Within 8 Hours,No,Medium (8 hrs - 1 week)
HD0032,2026-06-02,Student,College of Agricultural Management,Portal,Unable to login to student portal,High,0.82,2.32,Closed,Yes,Within 8 Hours,No,Fast (< 8 hrs)
HD0033,2026-06-25,Student,College of Environmental Resources,ID Card,ID card printing problem,Medium,4.06,10.33,Closed,Yes,Within 8 Hours,No,Medium (8 hrs - 1 week)
HD0034,2026-09-01,Staff,Bursary,Internet/Network,Network connection unavailable,Medium,2.5,11.73,Closed,Yes,Within 8 Hours,No,Medium (8 hrs - 1 week)
HD0035,2026-08-31,Staff,Registry,Registration,Registration page not responding,Low,4.64,1.86,Closed,Yes,Within 8 Hours,No,Fast (< 8 hrs)
HD0036,2026-07-04,Student,College of Engineering,Portal,Student profile not displaying correctly,Low,4.64,5.89,Closed,Yes,Within 8 Hours,No,Fast (< 8 hrs)
HD0037,2026-08-31,Postgraduate Student,College of Plant Science,Others,General ICT support request,Medium,2.55,10.98,Closed,Yes,Within 8 Hours,No,Medium (8 hrs - 1 week)
HD0038,2026-03-18,Student,Academic Planning,Student Information,Biodata information needs correction,High,0.36,8.63,Closed,Yes,Within 8 Hours,No,Medium (8 hrs - 1 week)
HD0039,2026-08-25,Student,ICTREC,Admission,Change of course not reflecting,Medium,2.73,9.88,Pending,No,Within 8 Hours,No,Medium (8 hrs - 1 week)
HD0040,2026-07-13,Student,College of Engineering,Registration,Registered course not displaying,Medium,2.73,1.43,Closed,Yes,Within 8 Hours,No,Fast (< 8 hrs)
HD0041,2026-06-03,Student,Registry,Admission,Admission application issue,Medium,2.3,6.17,Closed,Yes,Within 8 Hours,No,Fast (< 8 hrs)
HD0042,2026-03-09,Student,Academic Planning,Registration,Course registration error,High,3.38,4.72,Closed,Yes,Within 8 Hours,No,Fast (< 8 hrs)
HD0043,2026-03-06,Postgraduate Student,College of Agricultural Management,Payment/Invoice,Outstanding invoice still showing after payment,High,0.96,47.0,Pending,No,Within 8 Hours,No,Medium (8 hrs - 1 week)
HD0044,2026-08-31,Staff,College of Computing Sciences,Software/MIS,MIS application not responding,High,2.48,10.59,Closed,Yes,Within 8 Hours,No,Medium (8 hrs - 1 week)
HD0045,2026-08-12,Postgraduate Student,Student Affairs,Admission,Admission application issue,High,1.12,36.31,Closed,Yes,Within 8 Hours,No,Medium (8 hrs - 1 week)
HD0046,2026-03-03,Staff,College of Engineering,Internet/Network,Network connection unavailable,High,1.58,14.6,Closed,Yes,Within 8 Hours,No,Medium (8 hrs - 1 week)
HD0047,2026-06-18,Staff,Student Affairs,Internet/Network,Wi-Fi connection unstable,Critical,0.54,8.08,Closed,Yes,Within 8 Hours,No,Medium (8 hrs - 1 week)
HD0048,2026-06-02,Student,College of Computing Sciences,Admission,Admission status not displaying,High,1.21,17.15,In Progress,No,Within 8 Hours,No,Medium (8 hrs - 1 week)
HD0049,2026-02-03,Staff,College of Engineering,Portal,Student profile not displaying correctly,Medium,3.06,4.71,Closed,Yes,Within 8 Hours,No,Fast (< 8 hrs)
HD0050,2026-06-29,Staff,College of Agricultural Management,Email,University email not working,Medium,2.61,3.94,Closed,Yes,Within 8 Hours,No,Fast (< 8 hrs)
HD0051,2026-06-13,Student,College of Agricultural Management,Admission,Admission status not displaying,High,0.69,4.73,Closed,Yes,Within 8 Hours,No,Fast (< 8 hrs)
HD0052,2026-03-29,Postgraduate Student,Academic Planning,Software/MIS,Software installation request,Medium,2.15,3.99,Closed,Yes,Within 8 Hours,No,Fast (< 8 hrs)
HD0053,2026-06-11,Student,College of Veterinary Medicine,Payment/Invoice,Receipt cannot be generated,Medium,2.38,7.15,Closed,Yes,Within 8 Hours,No,Fast (< 8 hrs)
HD0054,2026-03-28,Student,Library,Registration,Course allocation not updating,High,4.23,7.41,Closed,Yes,Within 8 Hours,No,Fast (< 8 hrs)
HD0055,2026-06-23,Student,Postgraduate School,Registration,Registered course not displaying,Medium,3.0,4.95,Closed,Yes,Within 8 Hours,No,Fast (< 8 hrs)
HD0056,2026-06-10,Student,Library,Payment/Invoice,Invoice not generated,Low,1.32,13.15,Pending,No,Within 8 Hours,No,Medium (8 hrs - 1 week)
HD0057,2026-06-21,Student,College of Food Science,Registration,Course allocation not updating,Medium,2.69,25.76,Closed,Yes,Within 8 Hours,No,Medium (8 hrs - 1 week)
HD0058,2026-05-03,Postgraduate Student,Library,Clearance,Unable to complete online clearance,High,1.35,8.04,Closed,Yes,Within 8 Hours,No,Medium (8 hrs - 1 week)
HD0059,2026-05-28,Student,College of Animal Science,Internet/Network,Cannot access campus Internet,High,1.47,3.64,Closed,Yes,Within 8 Hours,No,Fast (< 8 hrs)
HD0060,2026-04-29,Student,College of Food Science,Student Information,Student information request,Medium,4.87,37.23,In Progress,No,Within 8 Hours,No,Medium (8 hrs - 1 week)
HD0061,2026-06-14,Postgraduate Student,ICTREC,Registration,Unable to submit course registration,High,2.32,3.66,Closed,Yes,Within 8 Hours,No,Fast (< 8 hrs)
HD0062,2026-02-09,Student,Student Affairs,Registration,Unable to submit course registration,Medium,5.62,2.09,Closed,Yes,Within 8 Hours,No,Fast (< 8 hrs)
HD0063,2026-04-21,Student,Registry,Payment/Invoice,Receipt cannot be generated,Medium,3.59,22.84,Closed,Yes,Within 8 Hours,No,Medium (8 hrs - 1 week)
HD0064,2026-06-01,Staff,Academic Planning,Software/MIS,Application access problem,High,0.87,24.88,Closed,Yes,Within 8 Hours,No,Medium (8 hrs - 1 week)
HD0065,2026-04-22,Staff,Student Affairs,Portal,Portal session keeps expiring,High,1.58,3.64,Closed,Yes,Within 8 Hours,No,Fast (< 8 hrs)
HD0066,2026-04-14,Postgraduate Student,College of Animal Science,Admission,Admission application issue,Low,1.62,2.79,Closed,Yes,Within 8 Hours,No,Fast (< 8 hrs)
HD0067,2026-05-21,Postgraduate Student,ICTREC,Admission,O'Level verification problem,High,0.84,8.47,Closed,Yes,Within 8 Hours,No,Medium (8 hrs - 1 week)
HD0068,2026-01-17,Student,Registry,Payment/Invoice,Receipt cannot be generated,Low,2.29,8.22,Closed,Yes,Within 8 Hours,No,Medium (8 hrs - 1 week)
HD0069,2026-04-22,Student,Postgraduate School,Payment/Invoice,Receipt cannot be generated,Low,2.47,2.43,Closed,Yes,Within 8 Hours,No,Fast (< 8 hrs)
HD0070,2026-03-03,Student,College of Food Science,Portal,Programme information not updating,Low,5.94,0.97,Closed,Yes,Within 8 Hours,No,Fast (< 8 hrs)
HD0071,2026-01-10,Postgraduate Student,College of Computing Sciences,Hardware,Desktop computer not starting,High,1.7,22.74,Closed,Yes,Within 8 Hours,No,Medium (8 hrs - 1 week)
HD0072,2026-07-03,Staff,College of Veterinary Medicine,Internet/Network,Wi-Fi connection unstable,Medium,1.07,6.89,Closed,Yes,Within 8 Hours,No,Fast (< 8 hrs)
HD0073,2026-03-25,Student,College of Food Science,Payment/Invoice,Payment not reflecting on portal,High,1.73,11.64,Closed,Yes,Within 8 Hours,No,Medium (8 hrs - 1 week)
HD0074,2026-01-24,Staff,College of Environmental Resources,Portal,Portal session keeps expiring,Medium,1.32,1.68,Closed,Yes,Within 8 Hours,No,Fast (< 8 hrs)
HD0075,2026-02-04,Student,Registry,Software/MIS,Software installation request,High,2.0,29.77,Pending,No,Within 8 Hours,No,Medium (8 hrs - 1 week)
HD0076,2026-01-08,Postgraduate Student,College of Agricultural Management,Portal,Student profile not displaying correctly,Low,4.36,40.54,Pending,No,Within 8 Hours,No,Medium (8 hrs - 1 week)
HD0077,2026-07-11,Staff,College of Veterinary Medicine,Portal,Portal session keeps expiring,Medium,1.79,4.62,Closed,Yes,Within 8 Hours,No,Fast (< 8 hrs)
HD0078,2026-06-05,Postgraduate Student,College of Plant Science,ID Card,Unable to process ID card,Medium,3.05,2.69,Closed,Yes,Within 8 Hours,No,Fast (< 8 hrs)
HD0079,2026-06-10,Student,Student Affairs,Website/Multimedia,Multimedia support request,Low,10.6,2.95,Closed,Yes,Beyond 8 Hours,No,Fast (< 8 hrs)
HD0080,2026-04-02,Postgraduate Student,Bursary,Payment/Invoice,Receipt cannot be generated,Low,1.97,4.6,Closed,Yes,Within 8 Hours,No,Fast (< 8 hrs)
HD0081,2026-05-10,Student,College of Plant Science,Email,Unable to access staff email,Low,2.22,4.17,Closed,Yes,Within 8 Hours,No,Fast (< 8 hrs)
HD0082,2026-04-18,Staff,College of Veterinary Medicine,Internet/Network,Slow Internet connection,Medium,4.92,9.81,Closed,Yes,Within 8 Hours,No,Medium (8 hrs - 1 week)
HD0083,2026-05-25,Student,College of Plant Science,Payment/Invoice,Outstanding invoice still showing after payment,Medium,4.42,7.19,Closed,Yes,Within 8 Hours,No,Fast (< 8 hrs)
HD0084,2026-07-14,Student,Library,Admission,Admission status not displaying,Medium,4.09,16.77,Closed,Yes,Within 8 Hours,No,Medium (8 hrs - 1 week)
HD0085,2026-06-04,Student,Library,Hardware,Printer not responding,High,1.31,28.03,In Progress,No,Within 8 Hours,No,Medium (8 hrs - 1 week)
HD0086,2026-07-05,Postgraduate Student,Student Affairs,Payment/Invoice,Invoice not generated,Medium,1.59,3.24,Closed,Yes,Within 8 Hours,No,Fast (< 8 hrs)
HD0087,2026-08-15,Student,College of Plant Science,Internet/Network,Network connection unavailable,Medium,2.49,10.31,Pending,No,Within 8 Hours,No,Medium (8 hrs - 1 week)
HD0088,2026-01-18,Staff,College of Animal Science,Portal,Portal session keeps expiring,Medium,3.03,6.8,Closed,Yes,Within 8 Hours,No,Fast (< 8 hrs)
HD0089,2026-01-18,Student,ICTREC,Website/Multimedia,University webpage not updating,Medium,2.62,36.51,Closed,Yes,Within 8 Hours,No,Medium (8 hrs - 1 week)
HD0090,2026-06-09,Staff,Registry,Software/MIS,MIS application not responding,Low,3.29,21.49,Closed,Yes,Within 8 Hours,No,Medium (8 hrs - 1 week)
HD0091,2026-04-24,Student,Academic Planning,ID Card,Unable to process ID card,Low,5.36,1.34,Closed,Yes,Within 8 Hours,No,Fast (< 8 hrs)
HD0092,2026-01-25,Staff,Registry,ID Card,ID card details incorrect,Medium,1.44,5.85,Closed,Yes,Within 8 Hours,No,Fast (< 8 hrs)
HD0093,2026-05-05,Student,Bursary,Internet/Network,Wi-Fi connection unstable,Medium,2.3,9.72,Closed,Yes,Within 8 Hours,No,Medium (8 hrs - 1 week)
HD0094,2026-03-13,Postgraduate Student,Student Affairs,Internet/Network,Slow Internet connection,Low,4.93,32.25,Pending,No,Within 8 Hours,No,Medium (8 hrs - 1 week)
HD0095,2026-08-04,Student,College of Plant Science,Admission,Admission application issue,Medium,1.63,1.83,Closed,Yes,Within 8 Hours,No,Fast (< 8 hrs)
HD0096,2026-05-04,Staff,College of Environmental Resources,Portal,Programme information not updating,High,1.17,8.82,Closed,Yes,Within 8 Hours,No,Medium (8 hrs - 1 week)
HD0097,2026-03-28,Student,College of Animal Science,Admission,O'Level verification problem,Low,4.27,3.65,Closed,Yes,Within 8 Hours,No,Fast (< 8 hrs)
HD0098,2026-08-03,Student,College of Veterinary Medicine,Portal,Programme information not updating,Medium,2.86,19.96,Closed,Yes,Within 8 Hours,No,Medium (8 hrs - 1 week)
HD0099,2026-02-20,Student,College of Animal Science,Portal,Programme information not updating,Medium,1.6,24.31,In Progress,No,Within 8 Hours,No,Medium (8 hrs - 1 week)
HD0100,2026-01-31,Student,College of Animal Science,Software/MIS,Software installation request,Medium,2.68,19.85,Pending,No,Within 8 Hours,No,Medium (8 hrs - 1 week)
HD0101,2026-02-03,Student,College of Agricultural Management,Admission,Admission portal error,Low,4.63,22.98,In Progress,No,Within 8 Hours,No,Medium (8 hrs - 1 week)
HD0102,2026-04-07,Student,College of Plant Science,Email,Email messages not being received,Medium,4.72,9.09,Closed,Yes,Within 8 Hours,No,Medium (8 hrs - 1 week)
HD0103,2026-04-27,Postgraduate Student,Library,Registration,Unable to submit course registration,Medium,1.22,26.36,In Progress,No,Within 8 Hours,No,Medium (8 hrs - 1 week)
HD0104,2026-01-08,Postgraduate Student,College of Environmental Resources,Portal,Portal page not loading,Medium,3.45,5.55,Closed,Yes,Within 8 Hours,No,Fast (< 8 hrs)
HD0105,2026-08-31,Student,College of Animal Science,Portal,Unable to login to student portal,Medium,3.45,48.6,Closed,Yes,Within 8 Hours,No,Medium (8 hrs - 1 week)
HD0106,2026-04-13,Student,College of Animal Science,Registration,Course allocation not updating,Low,5.2,5.93,Closed,Yes,Within 8 Hours,No,Fast (< 8 hrs)
HD0107,2026-04-21,Postgraduate Student,ICTREC,Email,University email not working,Low,6.42,3.82,Closed,Yes,Within 8 Hours,No,Fast (< 8 hrs)
HD0108,2026-06-04,Staff,ICTREC,Hardware,Desktop computer not starting,Low,3.2,6.82,Closed,Yes,Within 8 Hours,No,Fast (< 8 hrs)
HD0109,2026-04-11,Student,College of Animal Science,ID Card,ID card not yet available,Medium,1.7,3.67,Closed,Yes,Within 8 Hours,No,Fast (< 8 hrs)
HD0110,2026-04-20,Staff,Library,Payment/Invoice,Outstanding invoice still showing after payment,Medium,1.99,5.8,Closed,Yes,Within 8 Hours,No,Fast (< 8 hrs)
HD0111,2026-06-20,Postgraduate Student,College of Agricultural Management,Admission,O'Level verification problem,Critical,2.86,26.8,In Progress,No,Within 8 Hours,No,Medium (8 hrs - 1 week)
HD0112,2026-04-27,Postgraduate Student,College of Environmental Resources,Portal,Student profile not displaying correctly,High,2.19,1.77,Closed,Yes,Within 8 Hours,No,Fast (< 8 hrs)
HD0113,2026-03-13,Postgraduate Student,College of Agricultural Management,Clearance,Unable to complete online clearance,Low,2.93,5.75,Closed,Yes,Within 8 Hours,No,Fast (< 8 hrs)
HD0114,2026-07-07,Student,College of Engineering,Admission,Admission portal error,Medium,2.69,26.49,In Progress,No,Within 8 Hours,No,Medium (8 hrs - 1 week)
HD0115,2026-04-26,Staff,College of Veterinary Medicine,Email,Password reset required for email,Critical,0.54,37.94,In Progress,No,Within 8 Hours,No,Medium (8 hrs - 1 week)
HD0116,2026-03-21,Student,College of Food Science,Admission,Change of course not reflecting,High,1.0,28.58,Closed,Yes,Within 8 Hours,No,Medium (8 hrs - 1 week)
HD0117,2026-06-12,Student,College of Environmental Resources,Registration,Registered course not displaying,Low,3.9,7.75,Closed,Yes,Within 8 Hours,No,Fast (< 8 hrs)
HD0118,2026-08-23,Student,College of Animal Science,Registration,Unable to submit course registration,Medium,8.45,43.85,Pending,No,Beyond 8 Hours,No,Medium (8 hrs - 1 week)
HD0119,2026-06-30,Student,College of Engineering,Admission,Admission portal error,Low,1.25,3.01,Closed,Yes,Within 8 Hours,No,Fast (< 8 hrs)
HD0120,2026-04-06,Student,College of Agricultural Management,Software/MIS,System error during data entry,Low,2.64,6.38,Closed,Yes,Within 8 Hours,No,Fast (< 8 hrs)
HD0121,2026-06-29,Staff,College of Computing Sciences,Others,System access request,Low,2.46,46.89,Pending,No,Within 8 Hours,No,Medium (8 hrs - 1 week)
HD0122,2026-07-29,Student,Academic Planning,Clearance,Clearance record not displaying,High,1.98,11.61,Closed,Yes,Within 8 Hours,No,Medium (8 hrs - 1 week)
HD0123,2026-06-19,Student,Postgraduate School,ID Card,ID card details incorrect,Medium,1.34,3.44,Closed,Yes,Within 8 Hours,No,Fast (< 8 hrs)
HD0124,2026-07-15,Student,College of Environmental Resources,Hardware,Keyboard or mouse not working,High,1.16,17.41,Closed,Yes,Within 8 Hours,No,Medium (8 hrs - 1 week)
HD0125,2026-08-05,Postgraduate Student,Academic Planning,Internet/Network,Network connection unavailable,Medium,6.87,7.95,Closed,Yes,Within 8 Hours,No,Fast (< 8 hrs)
HD0126,2026-01-24,Staff,Student Affairs,Clearance,Clearance record not displaying,High,0.75,12.01,Closed,Yes,Within 8 Hours,No,Medium (8 hrs - 1 week)
HD0127,2026-01-08,Postgraduate Student,College of Agricultural Management,Student Information,Student information request,Medium,8.35,7.77,Closed,Yes,Beyond 8 Hours,No,Fast (< 8 hrs)
HD0128,2026-09-02,Staff,College of Veterinary Medicine,Portal,Student profile not displaying correctly,Medium,1.13,2.9,Closed,Yes,Within 8 Hours,No,Fast (< 8 hrs)
HD0129,2026-06-19,Student,Academic Planning,Admission,Admission portal error,Medium,5.22,3.09,Closed,Yes,Within 8 Hours,No,Fast (< 8 hrs)
HD0130,2026-05-11,Postgraduate Student,Student Affairs,Software/MIS,System error during data entry,Low,4.85,12.7,Closed,Yes,Within 8 Hours,No,Medium (8 hrs - 1 week)
HD0131,2026-07-14,Postgraduate Student,Bursary,Internet/Network,Slow Internet connection,Medium,1.56,5.88,Closed,Yes,Within 8 Hours,No,Fast (< 8 hrs)
HD0132,2026-06-11,Student,Bursary,Email,Email messages not being received,Medium,0.44,2.36,Closed,Yes,Within 8 Hours,No,Fast (< 8 hrs)
HD0133,2026-04-07,Student,Library,Student Information,Academic information not updated,Medium,2.26,1.77,Closed,Yes,Within 8 Hours,No,Fast (< 8 hrs)
HD0134,2026-02-05,Postgraduate Student,College of Veterinary Medicine,Admission,Change of course not reflecting,Low,9.33,40.62,In Progress,No,Beyond 8 Hours,No,Medium (8 hrs - 1 week)
HD0135,2026-02-06,Student,College of Veterinary Medicine,Portal,Programme information not updating,Critical,0.63,20.05,Pending,No,Within 8 Hours,No,Medium (8 hrs - 1 week)
HD0136,2026-03-30,Postgraduate Student,Library,Software/MIS,Application access problem,Low,8.4,39.12,Pending,No,Beyond 8 Hours,No,Medium (8 hrs - 1 week)
HD0137,2026-02-02,Postgraduate Student,Bursary,Email,Unable to access staff email,Medium,4.93,4.61,Closed,Yes,Within 8 Hours,No,Fast (< 8 hrs)
HD0138,2026-02-06,Student,College of Engineering,Portal,Portal page not loading,Medium,1.52,28.1,Pending,No,Within 8 Hours,No,Medium (8 hrs - 1 week)
HD0139,2026-03-02,Student,College of Engineering,Admission,Admission portal error,Medium,2.9,7.82,In Progress,No,Within 8 Hours,No,Fast (< 8 hrs)
HD0140,2026-01-20,Postgraduate Student,College of Plant Science,Hardware,Keyboard or mouse not working,Medium,2.7,41.59,In Progress,No,Within 8 Hours,No,Medium (8 hrs - 1 week)
HD0141,2026-01-21,Student,Academic Planning,Registration,Course allocation not updating,Low,4.04,15.34,Closed,Yes,Within 8 Hours,No,Medium (8 hrs - 1 week)
HD0142,2026-05-01,Student,College of Engineering,ID Card,Unable to process ID card,Critical,1.91,3.13,Closed,Yes,Within 8 Hours,No,Fast (< 8 hrs)
HD0143,2026-04-30,Student,College of Veterinary Medicine,Registration,Registration page not responding,Medium,8.4,23.38,In Progress,No,Beyond 8 Hours,No,Medium (8 hrs - 1 week)
HD0144,2026-03-11,Staff,College of Agricultural Management,Software/MIS,Application error during transaction,Medium,2.39,9.85,Closed,Yes,Within 8 Hours,No,Medium (8 hrs - 1 week)
HD0145,2026-07-13,Staff,Registry,Internet/Network,Wi-Fi connection unstable,High,1.75,11.63,Closed,Yes,Within 8 Hours,No,Medium (8 hrs - 1 week)
HD0146,2026-04-20,Student,College of Environmental Resources,Portal,Programme information not updating,Medium,2.32,2.88,Closed,Yes,Within 8 Hours,No,Fast (< 8 hrs)
HD0147,2026-04-05,Postgraduate Student,College of Food Science,Admission,Admission status not displaying,Critical,0.58,13.9,Closed,Yes,Within 8 Hours,No,Medium (8 hrs - 1 week)
HD0148,2026-02-03,Student,Library,Registration,Course registration error,Medium,3.16,30.11,Pending,No,Within 8 Hours,No,Medium (8 hrs - 1 week)
HD0149,2026-01-11,Postgraduate Student,Postgraduate School,Software/MIS,Application access problem,Medium,4.26,8.21,Closed,Yes,Within 8 Hours,No,Medium (8 hrs - 1 week)
HD0150,2026-04-01,Student,Bursary,ID Card,ID card not yet available,Medium,4.07,6.44,Closed,Yes,Within 8 Hours,No,Fast (< 8 hrs)
HD0151,2026-01-12,Student,College of Environmental Resources,Internet/Network,Slow Internet connection,Low,2.41,2.32,Closed,Yes,Within 8 Hours,No,Fast (< 8 hrs)
HD0152,2026-07-22,Staff,College of Engineering,Email,Unable to access staff email,Medium,3.92,31.04,In Progress,No,Within 8 Hours,No,Medium (8 hrs - 1 week)
HD0153,2026-04-23,Student,Bursary,Website/Multimedia,Website page not displaying correctly,Low,3.76,7.27,Closed,Yes,Within 8 Hours,No,Fast (< 8 hrs)
HD0154,2026-06-05,Student,College of Plant Science,Registration,Course registration error,Medium,5.25,13.07,Closed,Yes,Within 8 Hours,No,Medium (8 hrs - 1 week)
HD0155,2026-02-28,Student,College of Environmental Resources,Admission,Admission status not displaying,Low,5.13,38.09,Pending,No,Within 8 Hours,No,Medium (8 hrs - 1 week)
HD0156,2026-07-04,Student,College of Food Science,Payment/Invoice,Receipt cannot be generated,Low,3.37,6.13,Closed,Yes,Within 8 Hours,No,Fast (< 8 hrs)
HD0157,2026-08-28,Student,Registry,Email,Email messages not being received,High,2.36,20.26,Closed,Yes,Within 8 Hours,No,Medium (8 hrs - 1 week)
HD0158,2026-03-29,Student,College of Food Science,Payment/Invoice,Receipt cannot be generated,Low,7.79,3.04,Closed,Yes,Within 8 Hours,No,Fast (< 8 hrs)
HD0159,2026-03-08,Postgraduate Student,Academic Planning,Student Information,Matriculation information issue,Low,5.53,1.77,Closed,Yes,Within 8 Hours,No,Fast (< 8 hrs)
HD0160,2026-01-24,Student,Student Affairs,Registration,Unable to submit course registration,Low,4.54,2.6,Closed,Yes,Within 8 Hours,No,Fast (< 8 hrs)
HD0161,2026-06-19,Postgraduate Student,Library,Portal,Student profile not displaying correctly,Medium,2.74,15.92,Pending,No,Within 8 Hours,No,Medium (8 hrs - 1 week)
HD0162,2026-01-24,Student,Bursary,Portal,Programme information not updating,Low,2.42,8.44,Closed,Yes,Within 8 Hours,No,Medium (8 hrs - 1 week)
HD0163,2026-08-29,Staff,College of Animal Science,Hardware,Computer system performance is slow,High,0.86,33.01,In Progress,No,Within 8 Hours,No,Medium (8 hrs - 1 week)
HD0164,2026-03-23,Staff,ICTREC,Others,Request for technical assistance,Low,7.18,30.84,Pending,No,Within 8 Hours,No,Medium (8 hrs - 1 week)
HD0165,2026-01-24,Student,College of Animal Science,Payment/Invoice,Payment not reflecting on portal,Low,5.36,4.51,Closed,Yes,Within 8 Hours,No,Fast (< 8 hrs)
HD0166,2026-05-26,Student,College of Environmental Resources,Others,Other ICT service issue,Medium,2.58,37.03,In Progress,No,Within 8 Hours,No,Medium (8 hrs - 1 week)
HD0167,2026-02-12,Postgraduate Student,College of Veterinary Medicine,Portal,Portal page not loading,Medium,2.71,24.92,In Progress,No,Within 8 Hours,No,Medium (8 hrs - 1 week)
HD0168,2026-03-09,Staff,College of Food Science,Software/MIS,Application error during transaction,Medium,4.45,6.11,Closed,Yes,Within 8 Hours,No,Fast (< 8 hrs)
HD0169,2026-03-18,Postgraduate Student,College of Plant Science,Others,Other ICT service issue,Low,2.41,1.76,Closed,Yes,Within 8 Hours,No,Fast (< 8 hrs)
HD0170,2026-01-21,Postgraduate Student,College of Environmental Resources,Hardware,Desktop computer not starting,High,1.88,6.74,Closed,Yes,Within 8 Hours,No,Fast (< 8 hrs)
HD0171,2026-06-03,Staff,College of Food Science,Email,Mailbox access problem,High,0.95,6.83,Closed,Yes,Within 8 Hours,No,Fast (< 8 hrs)
HD0172,2026-01-26,Staff,College of Food Science,Clearance,Clearance submission error,Low,4.35,2.04,Closed,Yes,Within 8 Hours,No,Fast (< 8 hrs)
HD0173,2026-05-15,Postgraduate Student,College of Veterinary Medicine,Payment/Invoice,Outstanding invoice still showing after payment,Low,2.93,3.49,Closed,Yes,Within 8 Hours,No,Fast (< 8 hrs)
HD0174,2026-02-13,Staff,College of Engineering,Payment/Invoice,Receipt cannot be generated,Low,1.71,1.2,Closed,Yes,Within 8 Hours,No,Fast (< 8 hrs)
HD0175,2026-01-14,Student,College of Plant Science,Software/MIS,Application access problem,High,1.01,7.45,Closed,Yes,Within 8 Hours,No,Fast (< 8 hrs)
HD0176,2026-08-05,Postgraduate Student,Bursary,Website/Multimedia,Website page not displaying correctly,Medium,3.08,10.36,Closed,Yes,Within 8 Hours,No,Medium (8 hrs - 1 week)
HD0177,2026-04-28,Postgraduate Student,College of Computing Sciences,ID Card,Unable to process ID card,Medium,4.17,3.86,Closed,Yes,Within 8 Hours,No,Fast (< 8 hrs)
HD0178,2026-07-24,Staff,Library,Hardware,Computer system performance is slow,Low,3.76,2.17,Closed,Yes,Within 8 Hours,No,Fast (< 8 hrs)
HD0179,2026-03-18,Staff,College of Veterinary Medicine,Software/MIS,Application access problem,Critical,0.79,27.12,Pending,No,Within 8 Hours,No,Medium (8 hrs - 1 week)
HD0180,2026-06-18,Postgraduate Student,Postgraduate School,Registration,Registration page not responding,Low,4.54,1.65,Closed,Yes,Within 8 Hours,No,Fast (< 8 hrs)
HD0181,2026-03-15,Student,College of Plant Science,Payment/Invoice,Payment not reflecting on portal,Low,5.06,8.12,Closed,Yes,Within 8 Hours,No,Medium (8 hrs - 1 week)
HD0182,2026-08-31,Staff,Academic Planning,Email,Unable to access staff email,High,1.41,7.57,Closed,Yes,Within 8 Hours,No,Fast (< 8 hrs)
HD0183,2026-03-27,Postgraduate Student,College of Engineering,Portal,Portal page not loading,Medium,3.8,41.25,In Progress,No,Within 8 Hours,No,Medium (8 hrs - 1 week)
HD0184,2026-07-04,Student,Student Affairs,ID Card,Unable to process ID card,Medium,2.94,4.31,Closed,Yes,Within 8 Hours,No,Fast (< 8 hrs)
HD0185,2026-05-20,Student,Library,ID Card,ID card details incorrect,Medium,2.74,2.59,Closed,Yes,Within 8 Hours,No,Fast (< 8 hrs)
HD0186,2026-07-27,Student,Student Affairs,Hardware,Desktop computer not starting,Low,3.85,5.76,Closed,Yes,Within 8 Hours,No,Fast (< 8 hrs)
HD0187,2026-03-07,Staff,College of Environmental Resources,Portal,Programme information not updating,Low,8.44,4.04,Closed,Yes,Beyond 8 Hours,No,Fast (< 8 hrs)
HD0188,2026-01-26,Student,Library,Payment/Invoice,Outstanding invoice still showing after payment,Medium,8.5,3.34,Closed,Yes,Beyond 8 Hours,No,Fast (< 8 hrs)
HD0189,2026-05-05,Student,Postgraduate School,Payment/Invoice,Outstanding invoice still showing after payment,Medium,4.2,6.2,Closed,Yes,Within 8 Hours,No,Fast (< 8 hrs)
HD0190,2026-07-11,Student,College of Computing Sciences,Payment/Invoice,Payment confirmation delayed,High,5.0,4.14,Closed,Yes,Within 8 Hours,No,Fast (< 8 hrs)
HD0191,2026-04-01,Postgraduate Student,College of Food Science,Portal,Student profile not displaying correctly,Low,2.39,13.35,Pending,No,Within 8 Hours,No,Medium (8 hrs - 1 week)
HD0192,2026-01-21,Staff,College of Food Science,Hardware,Scanner malfunction,Medium,0.81,5.43,Closed,Yes,Within 8 Hours,No,Fast (< 8 hrs)
HD0193,2026-03-25,Student,College of Computing Sciences,Student Information,Student record not displaying,High,0.99,5.57,Closed,Yes,Within 8 Hours,No,Fast (< 8 hrs)
HD0194,2026-03-19,Postgraduate Student,College of Animal Science,Others,Request for technical assistance,Low,4.59,7.34,Closed,Yes,Within 8 Hours,No,Fast (< 8 hrs)
HD0195,2026-08-20,Postgraduate Student,College of Engineering,Hardware,Keyboard or mouse not working,Low,6.41,2.86,Closed,Yes,Within 8 Hours,No,Fast (< 8 hrs)
HD0196,2026-07-28,Student,Bursary,Registration,Course allocation not updating,Medium,1.59,7.15,Closed,Yes,Within 8 Hours,No,Fast (< 8 hrs)
HD0197,2026-02-20,Postgraduate Student,College of Agricultural Management,Software/MIS,Application error during transaction,Medium,1.26,22.11,Closed,Yes,Within 8 Hours,No,Medium (8 hrs - 1 week)
HD0198,2026-02-16,Student,Student Affairs,Payment/Invoice,Payment confirmation delayed,Medium,4.97,4.05,Closed,Yes,Within 8 Hours,No,Fast (< 8 hrs)
HD0199,2026-06-17,Postgraduate Student,Academic Planning,Payment/Invoice,Payment confirmation delayed,Medium,1.01,45.81,In Progress,No,Within 8 Hours,No,Medium (8 hrs - 1 week)
HD0200,2026-02-14,Postgraduate Student,College of Agricultural Management,Portal,Student profile not displaying correctly,Medium,2.44,12.0,In Progress,No,Within 8 Hours,No,Medium (8 hrs - 1 week)
HD0201,2026-04-13,Student,Registry,ID Card,ID card details incorrect,High,0.62,7.36,In Progress,No,Within 8 Hours,No,Fast (< 8 hrs)
HD0202,2026-04-08,Staff,College of Engineering,Internet/Network,Network connection unavailable,Medium,2.61,14.77,Closed,Yes,Within 8 Hours,No,Medium (8 hrs - 1 week)
HD0203,2026-05-28,Staff,College of Computing Sciences,ID Card,ID card details incorrect,Medium,2.03,6.41,Closed,Yes,Within 8 Hours,No,Fast (< 8 hrs)
HD0204,2026-08-27,Postgraduate Student,College of Animal Science,Hardware,Printer not responding,Critical,0.44,14.41,In Progress,No,Within 8 Hours,No,Medium (8 hrs - 1 week)
HD0205,2026-01-27,Student,College of Animal Science,Portal,Portal page not loading,High,1.6,46.64,Pending,No,Within 8 Hours,No,Medium (8 hrs - 1 week)
HD0206,2026-03-22,Postgraduate Student,College of Engineering,Others,General ICT support request,Medium,3.85,35.9,Pending,No,Within 8 Hours,No,Medium (8 hrs - 1 week)
HD0207,2026-07-26,Student,College of Engineering,Clearance,Clearance process showing incomplete,Low,1.63,6.5,Closed,Yes,Within 8 Hours,No,Fast (< 8 hrs)
HD0208,2026-05-26,Student,College of Engineering,Hardware,Computer system performance is slow,Medium,3.12,4.7,Closed,Yes,Within 8 Hours,No,Fast (< 8 hrs)
HD0209,2026-05-19,Student,Student Affairs,Website/Multimedia,Multimedia support request,Critical,1.88,7.01,Closed,Yes,Within 8 Hours,No,Fast (< 8 hrs)
HD0210,2026-04-03,Student,College of Engineering,Registration,Course registration error,Medium,4.97,5.43,Closed,Yes,Within 8 Hours,No,Fast (< 8 hrs)
HD0211,2026-04-25,Postgraduate Student,College of Veterinary Medicine,Software/MIS,Application access problem,Low,11.8,11.48,Closed,Yes,Beyond 8 Hours,No,Medium (8 hrs - 1 week)
HD0212,2026-09-01,Student,College of Plant Science,Website/Multimedia,Website content correction request,Medium,2.27,7.47,Closed,Yes,Within 8 Hours,No,Fast (< 8 hrs)
HD0213,2026-05-26,Postgraduate Student,ICTREC,Payment/Invoice,Payment not reflecting on portal,Low,5.42,7.3,Closed,Yes,Within 8 Hours,No,Fast (< 8 hrs)
HD0214,2026-02-17,Student,College of Plant Science,ID Card,ID card details incorrect,Medium,1.53,6.68,Closed,Yes,Within 8 Hours,No,Fast (< 8 hrs)
HD0215,2026-01-25,Student,Academic Planning,Admission,Admission portal error,Low,6.8,0.85,Closed,Yes,Within 8 Hours,No,Fast (< 8 hrs)
HD0216,2026-05-12,Student,Library,ID Card,ID card printing problem,Medium,1.36,28.91,In Progress,No,Within 8 Hours,No,Medium (8 hrs - 1 week)
HD0217,2026-04-27,Student,Postgraduate School,ID Card,Unable to process ID card,Low,3.28,8.0,Closed,Yes,Within 8 Hours,No,Fast (< 8 hrs)
HD0218,2026-04-17,Student,College of Engineering,Registration,Unable to submit course registration,High,3.43,6.94,Closed,Yes,Within 8 Hours,No,Fast (< 8 hrs)
HD0219,2026-02-10,Student,Library,Payment/Invoice,Receipt cannot be generated,Low,9.31,1.22,Closed,Yes,Beyond 8 Hours,No,Fast (< 8 hrs)
HD0220,2026-08-01,Postgraduate Student,College of Agricultural Management,Payment/Invoice,Invoice not generated,Critical,0.31,8.68,Closed,Yes,Within 8 Hours,No,Medium (8 hrs - 1 week)
HD0221,2026-08-18,Staff,Bursary,Email,Email messages not being received,Critical,0.99,7.34,Closed,Yes,Within 8 Hours,No,Fast (< 8 hrs)
HD0222,2026-04-05,Staff,College of Plant Science,Portal,Portal session keeps expiring,Critical,0.26,6.13,Closed,Yes,Within 8 Hours,No,Fast (< 8 hrs)
HD0223,2026-02-08,Postgraduate Student,College of Veterinary Medicine,Payment/Invoice,Receipt cannot be generated,Low,1.85,36.56,In Progress,No,Within 8 Hours,No,Medium (8 hrs - 1 week)
HD0224,2026-04-07,Staff,College of Computing Sciences,Hardware,Scanner malfunction,Low,4.65,2.26,Closed,Yes,Within 8 Hours,No,Fast (< 8 hrs)
HD0225,2026-06-28,Postgraduate Student,College of Animal Science,Portal,Programme information not updating,Low,2.86,1.09,Closed,Yes,Within 8 Hours,No,Fast (< 8 hrs)
HD0226,2026-09-02,Student,College of Agricultural Management,Portal,Student profile not displaying correctly,High,1.45,9.41,Closed,Yes,Within 8 Hours,No,Medium (8 hrs - 1 week)
HD0227,2026-03-31,Postgraduate Student,College of Plant Science,Portal,Portal session keeps expiring,Medium,1.51,27.81,Pending,No,Within 8 Hours,No,Medium (8 hrs - 1 week)
HD0228,2026-04-15,Postgraduate Student,Bursary,Portal,Student profile not displaying correctly,High,1.12,37.05,In Progress,No,Within 8 Hours,No,Medium (8 hrs - 1 week)
HD0229,2026-05-06,Student,College of Plant Science,Payment/Invoice,Outstanding invoice still showing after payment,Medium,2.45,21.47,Pending,No,Within 8 Hours,No,Medium (8 hrs - 1 week)
HD0230,2026-06-21,Student,Postgraduate School,Admission,Admission status not displaying,Medium,1.92,38.6,Pending,No,Within 8 Hours,No,Medium (8 hrs - 1 week)
HD0231,2026-07-22,Staff,College of Animal Science,Email,Unable to access staff email,Medium,7.66,12.21,Pending,No,Within 8 Hours,No,Medium (8 hrs - 1 week)
HD0232,2026-04-22,Student,College of Food Science,Admission,Admission status not displaying,Low,2.59,3.06,Closed,Yes,Within 8 Hours,No,Fast (< 8 hrs)
HD0233,2026-01-20,Student,College of Environmental Resources,Admission,O'Level verification problem,High,1.41,5.39,Closed,Yes,Within 8 Hours,No,Fast (< 8 hrs)
HD0234,2026-02-18,Staff,College of Veterinary Medicine,Email,Email messages not being received,Medium,3.64,7.5,Closed,Yes,Within 8 Hours,No,Fast (< 8 hrs)
HD0235,2026-03-09,Staff,Postgraduate School,Email,Password reset required for email,Medium,1.94,3.15,Closed,Yes,Within 8 Hours,No,Fast (< 8 hrs)
HD0236,2026-05-07,Postgraduate Student,College of Food Science,Payment/Invoice,Invoice not generated,Medium,2.23,1.23,Closed,Yes,Within 8 Hours,No,Fast (< 8 hrs)
HD0237,2026-04-16,Student,Registry,Student Information,Student information request,Medium,1.13,46.09,Pending,No,Within 8 Hours,No,Medium (8 hrs - 1 week)
HD0238,2026-06-21,Staff,College of Computing Sciences,Software/MIS,Software installation request,High,3.71,31.36,Closed,Yes,Within 8 Hours,No,Medium (8 hrs - 1 week)
HD0239,2026-06-11,Postgraduate Student,Student Affairs,Registration,Registration page not responding,Medium,3.57,16.05,Pending,No,Within 8 Hours,No,Medium (8 hrs - 1 week)
HD0240,2026-07-07,Postgraduate Student,Library,Portal,Portal page not loading,Low,20.66,4.49,Closed,Yes,Beyond 8 Hours,No,Fast (< 8 hrs)
HD0241,2026-08-17,Student,College of Plant Science,Admission,Admission application issue,Medium,2.42,2.63,Closed,Yes,Within 8 Hours,No,Fast (< 8 hrs)
HD0242,2026-05-21,Student,College of Veterinary Medicine,ID Card,Lost ID card replacement request,High,0.62,41.71,Pending,No,Within 8 Hours,No,Medium (8 hrs - 1 week)
HD0243,2026-07-25,Student,College of Agricultural Management,Portal,Portal page not loading,High,0.99,8.2,Closed,Yes,Within 8 Hours,No,Medium (8 hrs - 1 week)
HD0244,2026-03-18,Postgraduate Student,College of Computing Sciences,Student Information,Matriculation information issue,Medium,1.82,8.77,Closed,Yes,Within 8 Hours,No,Medium (8 hrs - 1 week)
HD0245,2026-02-02,Student,Bursary,ID Card,ID card printing problem,Medium,6.58,7.59,Closed,Yes,Within 8 Hours,No,Fast (< 8 hrs)
HD0246,2026-05-30,Student,Bursary,Admission,Admission status not displaying,High,1.49,16.28,Closed,Yes,Within 8 Hours,No,Medium (8 hrs - 1 week)
HD0247,2026-01-27,Postgraduate Student,ICTREC,Internet/Network,Slow Internet connection,High,1.57,4.44,Closed,Yes,Within 8 Hours,No,Fast (< 8 hrs)
HD0248,2026-04-29,Student,College of Animal Science,Portal,Student profile not displaying correctly,High,3.47,46.07,Pending,No,Within 8 Hours,No,Medium (8 hrs - 1 week)
HD0249,2026-03-24,Student,Student Affairs,Payment/Invoice,Payment confirmation delayed,Medium,1.47,11.16,Closed,Yes,Within 8 Hours,No,Medium (8 hrs - 1 week)
HD0250,2026-04-09,Postgraduate Student,College of Food Science,Admission,Admission status not displaying,Medium,1.61,1.99,Closed,Yes,Within 8 Hours,No,Fast (< 8 hrs)
HD0251,2026-04-10,Student,College of Animal Science,Internet/Network,Cannot access campus Internet,Medium,4.33,21.14,Closed,Yes,Within 8 Hours,No,Medium (8 hrs - 1 week)
HD0252,2026-06-06,Student,Postgraduate School,Email,Unable to access staff email,High,0.7,9.44,In Progress,No,Within 8 Hours,No,Medium (8 hrs - 1 week)
HD0253,2026-08-24,Student,Academic Planning,Registration,Registration page not responding,Low,2.66,2.06,Closed,Yes,Within 8 Hours,No,Fast (< 8 hrs)
HD0254,2026-07-07,Staff,ICTREC,Email,Mailbox access problem,Medium,1.88,2.61,Closed,Yes,Within 8 Hours,No,Fast (< 8 hrs)
HD0255,2026-05-01,Postgraduate Student,College of Animal Science,Portal,Unable to login to student portal,Medium,2.67,2.31,Closed,Yes,Within 8 Hours,No,Fast (< 8 hrs)
HD0256,2026-07-14,Student,College of Food Science,Email,University email not working,Medium,3.02,4.44,Closed,Yes,Within 8 Hours,No,Fast (< 8 hrs)
HD0257,2026-09-01,Staff,College of Engineering,Portal,Unable to login to student portal,Medium,2.28,9.33,Closed,Yes,Within 8 Hours,No,Medium (8 hrs - 1 week)
HD0258,2026-04-29,Postgraduate Student,Postgraduate School,Payment/Invoice,Receipt cannot be generated,Medium,1.89,44.08,Pending,No,Within 8 Hours,No,Medium (8 hrs - 1 week)
HD0259,2026-02-04,Staff,ICTREC,Payment/Invoice,Outstanding invoice still showing after payment,Low,5.01,1.59,Closed,Yes,Within 8 Hours,No,Fast (< 8 hrs)
HD0260,2026-05-03,Staff,Library,Email,University email not working,High,1.58,9.51,Closed,Yes,Within 8 Hours,No,Medium (8 hrs - 1 week)
HD0261,2026-02-22,Staff,Library,Email,Unable to access staff email,Medium,1.04,36.45,In Progress,No,Within 8 Hours,No,Medium (8 hrs - 1 week)
HD0262,2026-01-09,Postgraduate Student,College of Agricultural Management,Portal,Programme information not updating,High,1.04,7.33,Closed,Yes,Within 8 Hours,No,Fast (< 8 hrs)
HD0263,2026-01-17,Postgraduate Student,College of Computing Sciences,Portal,Portal session keeps expiring,Medium,1.71,1.23,Closed,Yes,Within 8 Hours,No,Fast (< 8 hrs)
HD0264,2026-01-19,Staff,Library,Portal,Programme information not updating,Low,1.55,2.24,Closed,Yes,Within 8 Hours,No,Fast (< 8 hrs)
HD0265,2026-06-26,Student,ICTREC,Others,Other ICT service issue,Medium,3.0,15.95,Pending,No,Within 8 Hours,No,Medium (8 hrs - 1 week)
HD0266,2026-05-27,Postgraduate Student,College of Plant Science,Website/Multimedia,Website content correction request,Medium,3.69,42.95,In Progress,No,Within 8 Hours,No,Medium (8 hrs - 1 week)
HD0267,2026-06-18,Student,College of Plant Science,Clearance,Clearance submission error,Low,3.66,1.29,Closed,Yes,Within 8 Hours,No,Fast (< 8 hrs)
HD0268,2026-02-21,Staff,College of Food Science,Hardware,Scanner malfunction,Medium,1.82,25.89,Pending,No,Within 8 Hours,No,Medium (8 hrs - 1 week)
HD0269,2026-05-28,Staff,ICTREC,Software/MIS,MIS application not responding,High,0.93,6.66,Closed,Yes,Within 8 Hours,No,Fast (< 8 hrs)
HD0270,2026-08-29,Student,Library,Registration,Unable to submit course registration,Low,6.61,1.95,Closed,Yes,Within 8 Hours,No,Fast (< 8 hrs)
HD0271,2026-06-08,Postgraduate Student,Library,Payment/Invoice,Payment not reflecting on portal,Low,6.02,1.44,Closed,Yes,Within 8 Hours,No,Fast (< 8 hrs)
HD0272,2026-08-25,Postgraduate Student,College of Food Science,Portal,Programme information not updating,Low,5.09,5.53,Closed,Yes,Within 8 Hours,No,Fast (< 8 hrs)
HD0273,2026-08-27,Student,Library,Student Information,Biodata information needs correction,High,0.39,3.01,Closed,Yes,Within 8 Hours,No,Fast (< 8 hrs)
HD0274,2026-05-04,Student,Library,ID Card,ID card printing problem,Medium,3.57,3.75,Closed,Yes,Within 8 Hours,No,Fast (< 8 hrs)
HD0275,2026-07-08,Student,Academic Planning,Payment/Invoice,Receipt cannot be generated,Medium,3.19,3.71,Closed,Yes,Within 8 Hours,No,Fast (< 8 hrs)
HD0276,2026-03-02,Student,College of Engineering,Software/MIS,Software installation request,Medium,2.73,6.68,Pending,No,Within 8 Hours,No,Fast (< 8 hrs)
HD0277,2026-04-12,Student,College of Agricultural Management,Email,Password reset required for email,Low,7.22,2.95,Closed,Yes,Within 8 Hours,No,Fast (< 8 hrs)
HD0278,2026-07-09,Postgraduate Student,College of Veterinary Medicine,Internet/Network,Network connection unavailable,Low,4.58,2.55,Closed,Yes,Within 8 Hours,No,Fast (< 8 hrs)
HD0279,2026-02-21,Postgraduate Student,College of Engineering,Registration,Registered course not displaying,Low,2.91,28.77,In Progress,No,Within 8 Hours,No,Medium (8 hrs - 1 week)
HD0280,2026-07-19,Student,ICTREC,ID Card,Lost ID card replacement request,High,1.86,4.14,Closed,Yes,Within 8 Hours,No,Fast (< 8 hrs)
HD0281,2026-04-10,Postgraduate Student,Library,Portal,Unable to login to student portal,Medium,3.05,49.97,Closed,Yes,Within 8 Hours,No,Medium (8 hrs - 1 week)
HD0282,2026-04-20,Postgraduate Student,College of Veterinary Medicine,ID Card,Unable to process ID card,Low,6.14,1.89,Closed,Yes,Within 8 Hours,No,Fast (< 8 hrs)
HD0283,2026-04-25,Staff,Student Affairs,Email,University email not working,Medium,5.03,44.21,Pending,No,Within 8 Hours,No,Medium (8 hrs - 1 week)
HD0284,2026-03-10,Student,College of Plant Science,Portal,Portal page not loading,Low,1.24,17.23,Pending,No,Within 8 Hours,No,Medium (8 hrs - 1 week)
HD0285,2026-03-22,Staff,College of Animal Science,Payment/Invoice,Outstanding invoice still showing after payment,Low,1.36,2.39,Closed,Yes,Within 8 Hours,No,Fast (< 8 hrs)
HD0286,2026-05-26,Postgraduate Student,ICTREC,Software/MIS,Application error during transaction,Low,3.84,10.9,Closed,Yes,Within 8 Hours,No,Medium (8 hrs - 1 week)
HD0287,2026-08-12,Student,College of Animal Science,ID Card,Unable to process ID card,Medium,3.11,43.58,In Progress,No,Within 8 Hours,No,Medium (8 hrs - 1 week)
HD0288,2026-08-29,Student,ICTREC,Clearance,Clearance process showing incomplete,Medium,4.1,2.7,Closed,Yes,Within 8 Hours,No,Fast (< 8 hrs)
HD0289,2026-02-10,Staff,Academic Planning,Email,Password reset required for email,Low,4.33,35.93,Pending,No,Within 8 Hours,No,Medium (8 hrs - 1 week)
HD0290,2026-06-27,Student,College of Environmental Resources,Payment/Invoice,Invoice not generated,Medium,1.15,19.93,In Progress,No,Within 8 Hours,No,Medium (8 hrs - 1 week)
HD0291,2026-01-18,Student,Postgraduate School,Hardware,Desktop computer not starting,Medium,3.13,5.83,Closed,Yes,Within 8 Hours,No,Fast (< 8 hrs)
HD0292,2026-04-16,Student,College of Engineering,Internet/Network,Intermittent network connectivity,High,2.12,34.03,In Progress,No,Within 8 Hours,No,Medium (8 hrs - 1 week)
HD0293,2026-06-28,Student,College of Engineering,ID Card,ID card printing problem,High,1.66,6.4,Closed,Yes,Within 8 Hours,No,Fast (< 8 hrs)
HD0294,2026-07-06,Student,Library,Payment/Invoice,Payment not reflecting on portal,Low,2.95,12.48,Pending,No,Within 8 Hours,No,Medium (8 hrs - 1 week)
HD0295,2026-01-31,Student,College of Computing Sciences,Payment/Invoice,Payment confirmation delayed,Medium,4.1,3.15,Closed,Yes,Within 8 Hours,No,Fast (< 8 hrs)
HD0296,2026-05-26,Staff,College of Plant Science,Internet/Network,Intermittent network connectivity,Medium,2.7,9.96,Closed,Yes,Within 8 Hours,No,Medium (8 hrs - 1 week)
HD0297,2026-07-09,Postgraduate Student,College of Computing Sciences,Email,Password reset required for email,Medium,3.38,44.02,In Progress,No,Within 8 Hours,No,Medium (8 hrs - 1 week)
HD0298,2026-03-14,Postgraduate Student,College of Plant Science,Others,Help needed with university application,Medium,4.6,2.85,Closed,Yes,Within 8 Hours,No,Fast (< 8 hrs)
HD0299,2026-04-07,Student,Student Affairs,Registration,Course allocation not updating,Low,3.28,1.5,Closed,Yes,Within 8 Hours,No,Fast (< 8 hrs)
HD0300,2026-02-08,Postgraduate Student,College of Animal Science,Internet/Network,Intermittent network connectivity,Medium,2.04,7.81,Closed,Yes,Within 8 Hours,No,Fast (< 8 hrs)
HD0301,2026-08-03,Postgraduate Student,College of Agricultural Management,Student Information,Matriculation information issue,Medium,3.94,46.92,Pending,No,Within 8 Hours,No,Medium (8 hrs - 1 week)
HD0302,2026-04-16,Staff,College of Environmental Resources,Portal,Portal page not loading,Medium,4.19,18.24,In Progress,No,Within 8 Hours,No,Medium (8 hrs - 1 week)
HD0303,2026-07-25,Staff,Postgraduate School,Admission,Admission application issue,Medium,3.26,16.56,Closed,Yes,Within 8 Hours,No,Medium (8 hrs - 1 week)
HD0304,2026-07-20,Postgraduate Student,Library,Portal,Programme information not updating,Critical,0.52,2.89,Closed,Yes,Within 8 Hours,No,Fast (< 8 hrs)
HD0305,2026-01-22,Staff,Library,Student Information,Academic information not updated,High,0.56,39.42,Pending,No,Within 8 Hours,No,Medium (8 hrs - 1 week)
HD0306,2026-04-23,Student,Student Affairs,Registration,Registered course not displaying,Low,5.45,9.11,Pending,No,Within 8 Hours,No,Medium (8 hrs - 1 week)
HD0307,2026-08-15,Staff,College of Environmental Resources,Others,System access request,Medium,3.03,1.91,Closed,Yes,Within 8 Hours,No,Fast (< 8 hrs)
HD0308,2026-02-01,Student,Postgraduate School,Email,Mailbox access problem,Medium,9.98,33.62,Pending,No,Beyond 8 Hours,No,Medium (8 hrs - 1 week)
HD0309,2026-07-27,Student,College of Environmental Resources,Payment/Invoice,Receipt cannot be generated,Critical,0.85,14.43,Closed,Yes,Within 8 Hours,No,Medium (8 hrs - 1 week)
HD0310,2026-06-30,Staff,Library,Portal,Programme information not updating,High,1.95,5.85,Closed,Yes,Within 8 Hours,No,Fast (< 8 hrs)
HD0311,2026-01-11,Student,College of Veterinary Medicine,Registration,Registration page not responding,Medium,1.68,7.06,Closed,Yes,Within 8 Hours,No,Fast (< 8 hrs)
HD0312,2026-07-24,Student,College of Food Science,Payment/Invoice,Invoice not generated,Medium,7.32,13.19,Closed,Yes,Within 8 Hours,No,Medium (8 hrs - 1 week)
HD0313,2026-07-31,Student,College of Food Science,Registration,Course allocation not updating,Medium,6.24,3.73,Closed,Yes,Within 8 Hours,No,Fast (< 8 hrs)
HD0314,2026-07-13,Staff,College of Veterinary Medicine,Portal,Unable to login to student portal,Medium,1.51,3.66,Closed,Yes,Within 8 Hours,No,Fast (< 8 hrs)
HD0315,2026-07-28,Student,College of Engineering,Internet/Network,Intermittent network connectivity,Medium,2.68,12.45,Closed,Yes,Within 8 Hours,No,Medium (8 hrs - 1 week)
HD0316,2026-08-19,Postgraduate Student,College of Veterinary Medicine,Internet/Network,Slow Internet connection,Medium,1.02,16.52,Closed,Yes,Within 8 Hours,No,Medium (8 hrs - 1 week)
HD0317,2026-07-27,Staff,Library,Email,Unable to access staff email,Low,3.48,1.89,Closed,Yes,Within 8 Hours,No,Fast (< 8 hrs)
HD0318,2026-03-13,Postgraduate Student,Bursary,Portal,Student profile not displaying correctly,Medium,1.49,1.35,Closed,Yes,Within 8 Hours,No,Fast (< 8 hrs)
HD0319,2026-05-02,Student,College of Agricultural Management,Registration,Registration page not responding,Medium,4.09,15.69,Closed,Yes,Within 8 Hours,No,Medium (8 hrs - 1 week)
HD0320,2026-06-26,Postgraduate Student,Postgraduate School,Software/MIS,Software installation request,High,0.74,3.69,Closed,Yes,Within 8 Hours,No,Fast (< 8 hrs)
HD0321,2026-04-14,Staff,Registry,Portal,Portal page not loading,Medium,2.16,11.75,Closed,Yes,Within 8 Hours,No,Medium (8 hrs - 1 week)
HD0322,2026-08-28,Staff,College of Agricultural Management,Portal,Portal page not loading,Medium,2.25,1.5,Closed,Yes,Within 8 Hours,No,Fast (< 8 hrs)
HD0323,2026-08-08,Postgraduate Student,Bursary,Others,System access request,Low,3.32,1.81,Closed,Yes,Within 8 Hours,No,Fast (< 8 hrs)
HD0324,2026-05-28,Staff,College of Computing Sciences,Portal,Portal session keeps expiring,Low,0.86,2.09,Closed,Yes,Within 8 Hours,No,Fast (< 8 hrs)
HD0325,2026-07-18,Student,College of Food Science,Registration,Course allocation not updating,Medium,2.29,16.96,Closed,Yes,Within 8 Hours,No,Medium (8 hrs - 1 week)
HD0326,2026-07-14,Student,College of Plant Science,Portal,Student profile not displaying correctly,Low,10.51,26.8,Pending,No,Beyond 8 Hours,No,Medium (8 hrs - 1 week)
HD0327,2026-08-03,Staff,Postgraduate School,Email,Mailbox access problem,High,1.29,37.92,Pending,No,Within 8 Hours,No,Medium (8 hrs - 1 week)
HD0328,2026-04-30,Staff,Registry,Registration,Registered course not displaying,Low,15.65,2.94,Closed,Yes,Beyond 8 Hours,No,Fast (< 8 hrs)
HD0329,2026-07-31,Student,College of Animal Science,Website/Multimedia,University webpage not updating,High,1.51,34.94,Pending,No,Within 8 Hours,No,Medium (8 hrs - 1 week)
HD0330,2026-02-26,Postgraduate Student,College of Veterinary Medicine,Website/Multimedia,Multimedia support request,Low,4.24,39.83,Pending,No,Within 8 Hours,No,Medium (8 hrs - 1 week)
HD0331,2026-03-20,Staff,College of Plant Science,Email,Unable to access staff email,Medium,1.9,3.21,Closed,Yes,Within 8 Hours,No,Fast (< 8 hrs)
HD0332,2026-04-20,Staff,College of Veterinary Medicine,Student Information,Biodata information needs correction,Low,3.73,47.68,In Progress,No,Within 8 Hours,No,Medium (8 hrs - 1 week)
HD0333,2026-08-05,Student,College of Food Science,Website/Multimedia,Website content correction request,Low,2.57,2.32,Closed,Yes,Within 8 Hours,No,Fast (< 8 hrs)
HD0334,2026-04-21,Staff,College of Animal Science,Software/MIS,MIS application not responding,Medium,2.26,17.87,Closed,Yes,Within 8 Hours,No,Medium (8 hrs - 1 week)
HD0335,2026-08-17,Student,College of Agricultural Management,Portal,Programme information not updating,High,0.35,10.28,Closed,Yes,Within 8 Hours,No,Medium (8 hrs - 1 week)
HD0336,2026-06-24,Student,ICTREC,Student Information,Biodata information needs correction,High,2.98,1.31,Closed,Yes,Within 8 Hours,No,Fast (< 8 hrs)
HD0337,2026-05-11,Postgraduate Student,College of Agricultural Management,Website/Multimedia,Website content correction request,Critical,0.66,5.11,Closed,Yes,Within 8 Hours,No,Fast (< 8 hrs)
HD0338,2026-07-25,Staff,College of Plant Science,Software/MIS,Application access problem,Low,1.75,2.21,Closed,Yes,Within 8 Hours,No,Fast (< 8 hrs)
HD0339,2026-02-14,Student,College of Veterinary Medicine,Admission,O'Level verification problem,Low,2.06,8.33,Closed,Yes,Within 8 Hours,No,Medium (8 hrs - 1 week)
HD0340,2026-08-16,Staff,Library,Portal,Portal page not loading,High,2.51,17.51,In Progress,No,Within 8 Hours,No,Medium (8 hrs - 1 week)
HD0341,2026-07-09,Student,College of Veterinary Medicine,ID Card,ID card details incorrect,Low,5.65,1.12,Closed,Yes,Within 8 Hours,No,Fast (< 8 hrs)
HD0342,2026-02-07,Postgraduate Student,Registry,Internet/Network,Wi-Fi connection unstable,Low,2.85,4.58,Closed,Yes,Within 8 Hours,No,Fast (< 8 hrs)
HD0343,2026-04-23,Staff,College of Food Science,Email,Password reset required for email,High,0.77,9.27,Closed,Yes,Within 8 Hours,No,Medium (8 hrs - 1 week)
HD0344,2026-03-22,Student,College of Food Science,Registration,Course registration error,Low,3.33,2.22,Closed,Yes,Within 8 Hours,No,Fast (< 8 hrs)
HD0345,2026-06-10,Student,College of Veterinary Medicine,Hardware,Printer not responding,Low,5.62,5.56,Closed,Yes,Within 8 Hours,No,Fast (< 8 hrs)
HD0346,2026-04-28,Student,College of Food Science,Registration,Registered course not displaying,High,1.23,14.05,Pending,No,Within 8 Hours,No,Medium (8 hrs - 1 week)
HD0347,2026-07-26,Student,College of Environmental Resources,Portal,Portal session keeps expiring,Medium,1.43,5.93,Closed,Yes,Within 8 Hours,No,Fast (< 8 hrs)
HD0348,2026-03-18,Student,Library,Internet/Network,Intermittent network connectivity,Medium,3.6,35.0,Pending,No,Within 8 Hours,No,Medium (8 hrs - 1 week)
HD0349,2026-02-22,Postgraduate Student,Academic Planning,Software/MIS,Software installation request,Low,4.55,18.41,Pending,No,Within 8 Hours,No,Medium (8 hrs - 1 week)
HD0350,2026-06-06,Student,College of Animal Science,Portal,Portal session keeps expiring,Low,6.32,1.92,Closed,Yes,Within 8 Hours,No,Fast (< 8 hrs)
HD0351,2026-05-30,Student,College of Engineering,Website/Multimedia,Event information needs to be uploaded,Low,2.85,4.28,Closed,Yes,Within 8 Hours,No,Fast (< 8 hrs)
HD0352,2026-01-15,Student,Postgraduate School,Email,University email not working,Low,2.58,45.84,In Progress,No,Within 8 Hours,No,Medium (8 hrs - 1 week)
HD0353,2026-06-17,Student,College of Plant Science,Payment/Invoice,Receipt cannot be generated,Medium,1.1,8.16,Closed,Yes,Within 8 Hours,No,Medium (8 hrs - 1 week)
HD0354,2026-02-13,Student,Registry,ID Card,ID card printing problem,High,0.74,17.03,Closed,Yes,Within 8 Hours,No,Medium (8 hrs - 1 week)
HD0355,2026-08-09,Postgraduate Student,College of Veterinary Medicine,Payment/Invoice,Payment not reflecting on portal,Medium,0.83,16.57,Closed,Yes,Within 8 Hours,No,Medium (8 hrs - 1 week)
HD0356,2026-06-22,Staff,Registry,Internet/Network,Slow Internet connection,Medium,2.92,21.03,Pending,No,Within 8 Hours,No,Medium (8 hrs - 1 week)
HD0357,2026-07-08,Student,College of Animal Science,Admission,Change of course not reflecting,Medium,1.93,6.34,Closed,Yes,Within 8 Hours,No,Fast (< 8 hrs)
HD0358,2026-03-15,Postgraduate Student,Student Affairs,Payment/Invoice,Payment not reflecting on portal,High,1.47,57.62,Closed,Yes,Within 8 Hours,No,Medium (8 hrs - 1 week)
HD0359,2026-01-19,Postgraduate Student,College of Veterinary Medicine,Internet/Network,Wi-Fi connection unstable,Medium,2.77,6.74,Closed,Yes,Within 8 Hours,No,Fast (< 8 hrs)
HD0360,2026-02-03,Staff,Postgraduate School,Email,University email not working,High,1.23,5.62,Closed,Yes,Within 8 Hours,No,Fast (< 8 hrs)
HD0361,2026-08-28,Postgraduate Student,College of Computing Sciences,Registration,Registered course not displaying,Low,4.5,0.93,Closed,Yes,Within 8 Hours,No,Fast (< 8 hrs)
HD0362,2026-08-27,Student,Academic Planning,Student Information,Academic information not updated,Low,1.81,17.39,Pending,No,Within 8 Hours,No,Medium (8 hrs - 1 week)
HD0363,2026-05-17,Staff,Registry,Portal,Programme information not updating,Medium,2.86,46.07,In Progress,No,Within 8 Hours,No,Medium (8 hrs - 1 week)
HD0364,2026-01-27,Staff,ICTREC,Portal,Student profile not displaying correctly,High,1.52,6.34,Closed,Yes,Within 8 Hours,No,Fast (< 8 hrs)
HD0365,2026-03-08,Student,Student Affairs,Portal,Programme information not updating,High,1.11,3.05,Closed,Yes,Within 8 Hours,No,Fast (< 8 hrs)
HD0366,2026-07-27,Postgraduate Student,Postgraduate School,Email,Unable to access staff email,High,1.67,3.09,Closed,Yes,Within 8 Hours,No,Fast (< 8 hrs)
HD0367,2026-07-01,Staff,College of Computing Sciences,Portal,Portal page not loading,Medium,3.25,45.94,In Progress,No,Within 8 Hours,No,Medium (8 hrs - 1 week)
HD0368,2026-03-06,Postgraduate Student,College of Agricultural Management,Portal,Student profile not displaying correctly,Low,6.69,2.95,Closed,Yes,Within 8 Hours,No,Fast (< 8 hrs)
HD0369,2026-05-18,Student,Registry,Student Information,Biodata information needs correction,High,1.73,9.58,Closed,Yes,Within 8 Hours,No,Medium (8 hrs - 1 week)
HD0370,2026-08-02,Staff,Registry,Clearance,Clearance process showing incomplete,Low,9.5,5.48,Closed,Yes,Beyond 8 Hours,No,Fast (< 8 hrs)
HD0371,2026-08-30,Staff,Bursary,Email,Unable to access staff email,Low,1.38,35.43,Pending,No,Within 8 Hours,No,Medium (8 hrs - 1 week)
HD0372,2026-07-21,Student,Library,Admission,Admission status not displaying,High,1.06,6.33,Closed,Yes,Within 8 Hours,No,Fast (< 8 hrs)
HD0373,2026-04-06,Student,College of Animal Science,Internet/Network,Slow Internet connection,Medium,3.46,14.72,In Progress,No,Within 8 Hours,No,Medium (8 hrs - 1 week)
HD0374,2026-07-04,Postgraduate Student,Registry,Payment/Invoice,Invoice not generated,High,1.66,4.28,Closed,Yes,Within 8 Hours,No,Fast (< 8 hrs)
HD0375,2026-04-16,Staff,Bursary,Portal,Unable to login to student portal,Medium,1.86,1.59,Closed,Yes,Within 8 Hours,No,Fast (< 8 hrs)
HD0376,2026-05-27,Postgraduate Student,Bursary,Admission,Admission status not displaying,High,0.9,16.49,Pending,No,Within 8 Hours,No,Medium (8 hrs - 1 week)
HD0377,2026-04-10,Student,College of Computing Sciences,Registration,Registered course not displaying,Low,2.22,5.62,Closed,Yes,Within 8 Hours,No,Fast (< 8 hrs)
HD0378,2026-04-28,Student,Student Affairs,Student Information,Biodata information needs correction,Low,2.25,51.04,Pending,No,Within 8 Hours,No,Medium (8 hrs - 1 week)
HD0379,2026-04-25,Staff,Registry,Software/MIS,Application error during transaction,High,1.97,41.58,Pending,No,Within 8 Hours,No,Medium (8 hrs - 1 week)
HD0380,2026-03-16,Postgraduate Student,College of Agricultural Management,Portal,Portal page not loading,Medium,1.62,6.26,Closed,Yes,Within 8 Hours,No,Fast (< 8 hrs)
HD0381,2026-05-12,Student,College of Environmental Resources,Website/Multimedia,Website page not displaying correctly,Medium,1.89,4.3,Closed,Yes,Within 8 Hours,No,Fast (< 8 hrs)
HD0382,2026-07-28,Staff,College of Agricultural Management,Email,Unable to access staff email,Medium,10.63,4.31,Closed,Yes,Beyond 8 Hours,No,Fast (< 8 hrs)
HD0383,2026-04-03,Postgraduate Student,College of Agricultural Management,ID Card,ID card not yet available,Medium,4.89,27.1,In Progress,No,Within 8 Hours,No,Medium (8 hrs - 1 week)
HD0384,2026-03-17,Student,College of Environmental Resources,Payment/Invoice,Invoice not generated,Low,3.73,9.48,Closed,Yes,Within 8 Hours,No,Medium (8 hrs - 1 week)
HD0385,2026-01-30,Postgraduate Student,College of Engineering,Others,Other ICT service issue,Critical,0.57,21.11,Closed,Yes,Within 8 Hours,No,Medium (8 hrs - 1 week)
HD0386,2026-06-01,Postgraduate Student,ICTREC,Internet/Network,Wi-Fi connection unstable,High,2.21,39.49,Pending,No,Within 8 Hours,No,Medium (8 hrs - 1 week)
HD0387,2026-08-26,Student,College of Environmental Resources,Payment/Invoice,Payment confirmation delayed,High,2.12,13.17,Closed,Yes,Within 8 Hours,No,Medium (8 hrs - 1 week)
HD0388,2026-07-31,Staff,College of Environmental Resources,Admission,Admission application issue,Medium,3.66,26.67,In Progress,No,Within 8 Hours,No,Medium (8 hrs - 1 week)
HD0389,2026-03-30,Student,College of Computing Sciences,Payment/Invoice,Invoice not generated,Medium,1.74,14.96,In Progress,No,Within 8 Hours,No,Medium (8 hrs - 1 week)
HD0390,2026-07-04,Postgraduate Student,Bursary,Portal,Student profile not displaying correctly,Low,3.65,38.52,In Progress,No,Within 8 Hours,No,Medium (8 hrs - 1 week)
HD0391,2026-06-04,Staff,Registry,Software/MIS,Software installation request,Medium,2.87,2.82,Closed,Yes,Within 8 Hours,No,Fast (< 8 hrs)
HD0392,2026-06-20,Staff,College of Food Science,Payment/Invoice,Receipt cannot be generated,High,1.85,10.41,Closed,Yes,Within 8 Hours,No,Medium (8 hrs - 1 week)
HD0393,2026-06-04,Student,Academic Planning,Admission,Admission portal error,High,2.04,21.89,Pending,No,Within 8 Hours,No,Medium (8 hrs - 1 week)
HD0394,2026-04-15,Student,College of Food Science,Admission,Admission status not displaying,High,2.37,38.37,Pending,No,Within 8 Hours,No,Medium (8 hrs - 1 week)
HD0395,2026-09-01,Student,Academic Planning,Email,Mailbox access problem,Low,3.66,0.85,Closed,Yes,Within 8 Hours,No,Fast (< 8 hrs)
HD0396,2026-08-03,Student,College of Engineering,Payment/Invoice,Invoice not generated,Medium,3.29,6.29,Closed,Yes,Within 8 Hours,No,Fast (< 8 hrs)
HD0397,2026-02-01,Student,Student Affairs,ID Card,ID card details incorrect,Low,4.41,8.02,Pending,No,Within 8 Hours,No,Medium (8 hrs - 1 week)
HD0398,2026-05-24,Staff,Academic Planning,Registration,Course allocation not updating,Medium,1.43,10.3,Closed,Yes,Within 8 Hours,No,Medium (8 hrs - 1 week)
HD0399,2026-03-21,Postgraduate Student,College of Veterinary Medicine,Software/MIS,MIS application not responding,Low,3.72,23.49,Closed,Yes,Within 8 Hours,No,Medium (8 hrs - 1 week)
HD0400,2026-07-11,Student,Registry,Internet/Network,Network connection unavailable,Low,3.86,3.4,Closed,Yes,Within 8 Hours,No,Fast (< 8 hrs)
HD0401,2026-06-21,Student,College of Environmental Resources,Student Information,Academic information not updated,Medium,4.36,2.84,Closed,Yes,Within 8 Hours,No,Fast (< 8 hrs)
HD0402,2026-04-19,Student,College of Computing Sciences,Website/Multimedia,University webpage not updating,Medium,2.74,2.94,Closed,Yes,Within 8 Hours,No,Fast (< 8 hrs)
HD0403,2026-05-25,Student,College of Veterinary Medicine,Admission,Change of course not reflecting,Low,2.99,12.45,Pending,No,Within 8 Hours,No,Medium (8 hrs - 1 week)
HD0404,2026-06-17,Student,ICTREC,Payment/Invoice,Outstanding invoice still showing after payment,Medium,2.94,10.14,Closed,Yes,Within 8 Hours,No,Medium (8 hrs - 1 week)
HD0405,2026-03-13,Student,Student Affairs,Portal,Portal session keeps expiring,Medium,5.19,2.22,Closed,Yes,Within 8 Hours,No,Fast (< 8 hrs)
HD0406,2026-03-13,Staff,College of Agricultural Management,Email,Password reset required for email,Low,3.43,5.82,Closed,Yes,Within 8 Hours,No,Fast (< 8 hrs)
HD0407,2026-05-23,Student,Bursary,Internet/Network,Wi-Fi connection unstable,Low,8.42,3.79,Closed,Yes,Beyond 8 Hours,No,Fast (< 8 hrs)
HD0408,2026-04-22,Student,College of Plant Science,Hardware,Desktop computer not starting,High,2.65,34.86,In Progress,No,Within 8 Hours,No,Medium (8 hrs - 1 week)
HD0409,2026-07-06,Postgraduate Student,College of Animal Science,Student Information,Matriculation information issue,Low,4.4,3.86,Closed,Yes,Within 8 Hours,No,Fast (< 8 hrs)
HD0410,2026-04-29,Student,College of Veterinary Medicine,Email,Mailbox access problem,Low,3.98,5.0,Closed,Yes,Within 8 Hours,No,Fast (< 8 hrs)
HD0411,2026-06-28,Student,Postgraduate School,Others,Help needed with university application,Low,2.86,5.42,Closed,Yes,Within 8 Hours,No,Fast (< 8 hrs)
HD0412,2026-08-27,Postgraduate Student,Bursary,Others,Other ICT service issue,Low,13.46,9.66,Pending,No,Beyond 8 Hours,No,Medium (8 hrs - 1 week)
HD0413,2026-07-25,Staff,Student Affairs,Email,Mailbox access problem,Medium,2.03,11.79,Closed,Yes,Within 8 Hours,No,Medium (8 hrs - 1 week)
HD0414,2026-09-02,Staff,Bursary,Email,Unable to access staff email,Medium,6.2,3.26,Closed,Yes,Within 8 Hours,No,Fast (< 8 hrs)
HD0415,2026-08-17,Student,Postgraduate School,Portal,Student profile not displaying correctly,High,1.19,4.21,Closed,Yes,Within 8 Hours,No,Fast (< 8 hrs)
HD0416,2026-06-12,Student,College of Animal Science,Payment/Invoice,Payment not reflecting on portal,Low,1.81,1.65,Closed,Yes,Within 8 Hours,No,Fast (< 8 hrs)
HD0417,2026-03-14,Student,Academic Planning,Admission,Change of course not reflecting,Medium,1.5,9.46,In Progress,No,Within 8 Hours,No,Medium (8 hrs - 1 week)
HD0418,2026-06-29,Staff,Student Affairs,Software/MIS,Software installation request,High,1.47,9.96,Closed,Yes,Within 8 Hours,No,Medium (8 hrs - 1 week)
HD0419,2026-07-10,Student,Student Affairs,Website/Multimedia,Multimedia support request,High,3.52,2.64,Closed,Yes,Within 8 Hours,No,Fast (< 8 hrs)
HD0420,2026-08-15,Student,Academic Planning,ID Card,Unable to process ID card,High,2.58,4.74,Closed,Yes,Within 8 Hours,No,Fast (< 8 hrs)
HD0421,2026-07-23,Student,Registry,Portal,Student profile not displaying correctly,Medium,2.53,42.93,Pending,No,Within 8 Hours,No,Medium (8 hrs - 1 week)
HD0422,2026-05-01,Student,Academic Planning,Portal,Portal page not loading,High,0.81,6.48,Closed,Yes,Within 8 Hours,No,Fast (< 8 hrs)
HD0423,2026-02-05,Student,ICTREC,Payment/Invoice,Receipt cannot be generated,Medium,2.85,7.57,Closed,Yes,Within 8 Hours,No,Fast (< 8 hrs)
HD0424,2026-06-04,Staff,College of Environmental Resources,Internet/Network,Slow Internet connection,Low,4.46,16.44,Closed,Yes,Within 8 Hours,No,Medium (8 hrs - 1 week)
HD0425,2026-02-15,Postgraduate Student,College of Food Science,Payment/Invoice,Payment not reflecting on portal,Low,2.68,38.75,Pending,No,Within 8 Hours,No,Medium (8 hrs - 1 week)
HD0426,2026-04-19,Student,College of Veterinary Medicine,Internet/Network,Cannot access campus Internet,Medium,1.85,4.26,Closed,Yes,Within 8 Hours,No,Fast (< 8 hrs)
HD0427,2026-06-07,Postgraduate Student,College of Computing Sciences,Website/Multimedia,Multimedia support request,High,1.06,15.4,Pending,No,Within 8 Hours,No,Medium (8 hrs - 1 week)
HD0428,2026-04-04,Student,College of Food Science,ID Card,ID card not yet available,Medium,5.68,2.95,Closed,Yes,Within 8 Hours,No,Fast (< 8 hrs)
HD0429,2026-01-31,Staff,College of Veterinary Medicine,Internet/Network,Intermittent network connectivity,High,0.95,10.57,Closed,Yes,Within 8 Hours,No,Medium (8 hrs - 1 week)
HD0430,2026-02-01,Staff,College of Plant Science,Others,Other ICT service issue,Medium,1.92,5.99,Closed,Yes,Within 8 Hours,No,Fast (< 8 hrs)
HD0431,2026-08-21,Student,ICTREC,Payment/Invoice,Payment confirmation delayed,Low,4.25,1.12,Closed,Yes,Within 8 Hours,No,Fast (< 8 hrs)
HD0432,2026-07-29,Postgraduate Student,Postgraduate School,Internet/Network,Cannot access campus Internet,High,3.51,24.99,Pending,No,Within 8 Hours,No,Medium (8 hrs - 1 week)
HD0433,2026-04-22,Postgraduate Student,College of Veterinary Medicine,Payment/Invoice,Receipt cannot be generated,Critical,0.57,7.0,Closed,Yes,Within 8 Hours,No,Fast (< 8 hrs)
HD0434,2026-06-29,Student,College of Environmental Resources,Admission,Admission application issue,Medium,3.04,6.08,Closed,Yes,Within 8 Hours,No,Fast (< 8 hrs)
HD0435,2026-06-22,Postgraduate Student,College of Engineering,Hardware,Computer system performance is slow,Medium,3.73,28.22,In Progress,No,Within 8 Hours,No,Medium (8 hrs - 1 week)
HD0436,2026-08-26,Student,College of Food Science,Portal,Student profile not displaying correctly,Medium,2.36,2.36,Closed,Yes,Within 8 Hours,No,Fast (< 8 hrs)
HD0437,2026-04-22,Student,Library,Admission,Change of course not reflecting,Low,1.78,19.92,Pending,No,Within 8 Hours,No,Medium (8 hrs - 1 week)
HD0438,2026-06-03,Staff,College of Animal Science,Internet/Network,Wi-Fi connection unstable,Medium,2.55,19.62,Closed,Yes,Within 8 Hours,No,Medium (8 hrs - 1 week)
HD0439,2026-03-22,Postgraduate Student,College of Plant Science,ID Card,Lost ID card replacement request,High,1.13,6.3,Closed,Yes,Within 8 Hours,No,Fast (< 8 hrs)
HD0440,2026-08-21,Student,Bursary,Website/Multimedia,Website content correction request,Medium,2.58,25.22,In Progress,No,Within 8 Hours,No,Medium (8 hrs - 1 week)
HD0441,2026-03-26,Student,Registry,Payment/Invoice,Receipt cannot be generated,Medium,10.44,3.89,Closed,Yes,Beyond 8 Hours,No,Fast (< 8 hrs)
HD0442,2026-07-25,Staff,Library,Portal,Portal page not loading,Medium,1.99,9.7,Pending,No,Within 8 Hours,No,Medium (8 hrs - 1 week)
HD0443,2026-04-10,Student,College of Agricultural Management,ID Card,Unable to process ID card,Medium,3.78,43.46,In Progress,No,Within 8 Hours,No,Medium (8 hrs - 1 week)
HD0444,2026-03-09,Postgraduate Student,Library,Hardware,Desktop computer not starting,Medium,3.58,6.05,Closed,Yes,Within 8 Hours,No,Fast (< 8 hrs)
HD0445,2026-02-16,Staff,Bursary,Website/Multimedia,University webpage not updating,Medium,3.6,8.17,Closed,Yes,Within 8 Hours,No,Medium (8 hrs - 1 week)
HD0446,2026-08-20,Staff,College of Animal Science,Portal,Programme information not updating,Medium,4.08,5.52,Closed,Yes,Within 8 Hours,No,Fast (< 8 hrs)
HD0447,2026-07-31,Staff,College of Engineering,Portal,Portal page not loading,Low,6.83,4.63,Closed,Yes,Within 8 Hours,No,Fast (< 8 hrs)
HD0448,2026-02-17,Postgraduate Student,Bursary,Internet/Network,Cannot access campus Internet,High,3.21,11.86,Closed,Yes,Within 8 Hours,No,Medium (8 hrs - 1 week)
HD0449,2026-06-06,Student,College of Veterinary Medicine,Admission,Change of course not reflecting,High,1.37,33.8,In Progress,No,Within 8 Hours,No,Medium (8 hrs - 1 week)
HD0450,2026-03-10,Student,Registry,ID Card,Unable to process ID card,Medium,5.05,2.52,Closed,Yes,Within 8 Hours,No,Fast (< 8 hrs)
HD0451,2026-06-23,Postgraduate Student,College of Veterinary Medicine,Internet/Network,Wi-Fi connection unstable,Medium,3.18,4.73,Closed,Yes,Within 8 Hours,No,Fast (< 8 hrs)
HD0452,2026-03-18,Student,ICTREC,ID Card,Lost ID card replacement request,Medium,2.64,9.82,Closed,Yes,Within 8 Hours,No,Medium (8 hrs - 1 week)
HD0453,2026-02-25,Student,College of Environmental Resources,Portal,Portal page not loading,High,1.67,5.21,Closed,Yes,Within 8 Hours,No,Fast (< 8 hrs)
HD0454,2026-03-06,Student,College of Animal Science,Registration,Registered course not displaying,Medium,1.23,8.44,Closed,Yes,Within 8 Hours,No,Medium (8 hrs - 1 week)
HD0455,2026-07-09,Postgraduate Student,College of Veterinary Medicine,Admission,O'Level verification problem,Low,5.42,44.0,Pending,No,Within 8 Hours,No,Medium (8 hrs - 1 week)
HD0456,2026-01-15,Staff,Student Affairs,ID Card,ID card not yet available,Medium,2.2,21.13,Pending,No,Within 8 Hours,No,Medium (8 hrs - 1 week)
HD0457,2026-06-19,Postgraduate Student,Registry,Admission,Admission status not displaying,Low,4.36,7.43,Closed,Yes,Within 8 Hours,No,Fast (< 8 hrs)
HD0458,2026-02-03,Staff,Student Affairs,Payment/Invoice,Payment not reflecting on portal,Medium,2.47,6.59,Closed,Yes,Within 8 Hours,No,Fast (< 8 hrs)
HD0459,2026-07-28,Postgraduate Student,College of Food Science,Student Information,Academic information not updated,High,2.1,5.71,Closed,Yes,Within 8 Hours,No,Fast (< 8 hrs)
HD0460,2026-05-08,Postgraduate Student,College of Computing Sciences,Portal,Portal page not loading,Low,2.97,34.49,Pending,No,Within 8 Hours,No,Medium (8 hrs - 1 week)
HD0461,2026-08-18,Staff,Postgraduate School,Internet/Network,Network connection unavailable,Medium,4.69,46.88,Pending,No,Within 8 Hours,No,Medium (8 hrs - 1 week)
HD0462,2026-01-08,Staff,Registry,Portal,Portal session keeps expiring,Medium,2.8,9.17,Closed,Yes,Within 8 Hours,No,Medium (8 hrs - 1 week)
HD0463,2026-04-01,Student,College of Environmental Resources,Admission,Admission application issue,Critical,1.54,2.97,Closed,Yes,Within 8 Hours,No,Fast (< 8 hrs)
HD0464,2026-06-18,Student,College of Veterinary Medicine,Admission,Admission application issue,Medium,1.91,6.25,Closed,Yes,Within 8 Hours,No,Fast (< 8 hrs)
HD0465,2026-02-14,Postgraduate Student,Academic Planning,Software/MIS,Application access problem,Low,8.99,3.51,Closed,Yes,Beyond 8 Hours,No,Fast (< 8 hrs)
HD0466,2026-03-17,Postgraduate Student,Registry,Registration,Course allocation not updating,Medium,1.92,17.64,Closed,Yes,Within 8 Hours,No,Medium (8 hrs - 1 week)
HD0467,2026-05-31,Postgraduate Student,College of Agricultural Management,Internet/Network,Slow Internet connection,High,0.68,5.79,Closed,Yes,Within 8 Hours,No,Fast (< 8 hrs)
HD0468,2026-01-09,Staff,College of Engineering,Website/Multimedia,University webpage not updating,Critical,1.02,4.69,Closed,Yes,Within 8 Hours,No,Fast (< 8 hrs)
HD0469,2026-06-17,Student,ICTREC,Registration,Course registration error,High,0.86,10.48,Closed,Yes,Within 8 Hours,No,Medium (8 hrs - 1 week)
HD0470,2026-05-01,Student,College of Animal Science,Registration,Unable to submit course registration,Medium,2.97,9.21,Closed,Yes,Within 8 Hours,No,Medium (8 hrs - 1 week)
HD0471,2026-03-02,Postgraduate Student,College of Animal Science,Hardware,Keyboard or mouse not working,Medium,1.29,52.5,Closed,Yes,Within 8 Hours,No,Medium (8 hrs - 1 week)
HD0472,2026-01-16,Staff,Student Affairs,Payment/Invoice,Outstanding invoice still showing after payment,Medium,3.72,26.68,In Progress,No,Within 8 Hours,No,Medium (8 hrs - 1 week)
HD0473,2026-02-22,Postgraduate Student,College of Food Science,Software/MIS,System error during data entry,Low,10.49,1.83,Closed,Yes,Beyond 8 Hours,No,Fast (< 8 hrs)
HD0474,2026-08-30,Student,College of Animal Science,Website/Multimedia,Website content correction request,Medium,1.12,7.69,Closed,Yes,Within 8 Hours,No,Fast (< 8 hrs)
HD0475,2026-02-08,Postgraduate Student,College of Animal Science,Admission,O'Level verification problem,Medium,2.54,6.18,In Progress,No,Within 8 Hours,No,Fast (< 8 hrs)
HD0476,2026-08-28,Staff,ICTREC,Admission,Admission portal error,Medium,2.28,35.06,In Progress,No,Within 8 Hours,No,Medium (8 hrs - 1 week)
HD0477,2026-03-28,Student,Registry,Internet/Network,Slow Internet connection,Medium,1.31,15.62,Closed,Yes,Within 8 Hours,No,Medium (8 hrs - 1 week)
HD0478,2026-03-21,Postgraduate Student,Postgraduate School,Payment/Invoice,Invoice not generated,Low,3.63,6.2,Closed,Yes,Within 8 Hours,No,Fast (< 8 hrs)
HD0479,2026-08-13,Staff,College of Environmental Resources,Portal,Programme information not updating,Low,4.59,2.92,Closed,Yes,Within 8 Hours,No,Fast (< 8 hrs)
HD0480,2026-04-03,Student,Library,Admission,Admission application issue,Medium,3.56,11.57,In Progress,No,Within 8 Hours,No,Medium (8 hrs - 1 week)
HD0481,2026-05-28,Student,College of Food Science,Admission,Change of course not reflecting,Medium,3.7,11.6,Closed,Yes,Within 8 Hours,No,Medium (8 hrs - 1 week)
HD0482,2026-07-30,Student,College of Veterinary Medicine,Email,Mailbox access problem,Low,4.23,3.96,Closed,Yes,Within 8 Hours,No,Fast (< 8 hrs)
HD0483,2026-07-16,Staff,Bursary,Portal,Unable to login to student portal,Medium,2.47,47.31,Pending,No,Within 8 Hours,No,Medium (8 hrs - 1 week)
HD0484,2026-04-06,Postgraduate Student,College of Food Science,Admission,Change of course not reflecting,Low,2.62,10.3,Pending,No,Within 8 Hours,No,Medium (8 hrs - 1 week)
HD0485,2026-03-06,Postgraduate Student,College of Plant Science,Website/Multimedia,Website content correction request,High,1.47,1.99,Closed,Yes,Within 8 Hours,No,Fast (< 8 hrs)
HD0486,2026-07-25,Postgraduate Student,Student Affairs,Hardware,Desktop computer not starting,High,1.61,19.13,In Progress,No,Within 8 Hours,No,Medium (8 hrs - 1 week)
HD0487,2026-04-28,Student,Library,Email,Mailbox access problem,High,2.38,44.28,Pending,No,Within 8 Hours,No,Medium (8 hrs - 1 week)
HD0488,2026-07-09,Student,College of Environmental Resources,Admission,Admission portal error,High,1.17,18.36,In Progress,No,Within 8 Hours,No,Medium (8 hrs - 1 week)
HD0489,2026-02-04,Postgraduate Student,Registry,Internet/Network,Cannot access campus Internet,Critical,0.62,2.07,Closed,Yes,Within 8 Hours,No,Fast (< 8 hrs)
HD0490,2026-09-01,Student,Bursary,Registration,Registration page not responding,High,0.63,34.31,Closed,Yes,Within 8 Hours,No,Medium (8 hrs - 1 week)
HD0491,2026-08-08,Staff,College of Environmental Resources,Internet/Network,Wi-Fi connection unstable,High,2.31,10.26,Closed,Yes,Within 8 Hours,No,Medium (8 hrs - 1 week)
HD0492,2026-05-18,Student,Registry,Registration,Unable to submit course registration,Medium,1.53,5.04,Closed,Yes,Within 8 Hours,No,Fast (< 8 hrs)
HD0493,2026-06-23,Student,College of Agricultural Management,Registration,Course registration error,Medium,2.59,2.45,Closed,Yes,Within 8 Hours,No,Fast (< 8 hrs)
HD0494,2026-07-16,Staff,College of Environmental Resources,Payment/Invoice,Outstanding invoice still showing after payment,Medium,5.94,9.73,In Progress,No,Within 8 Hours,No,Medium (8 hrs - 1 week)
HD0495,2026-01-15,Student,College of Veterinary Medicine,Admission,Admission portal error,High,1.33,6.33,Closed,Yes,Within 8 Hours,No,Fast (< 8 hrs)
HD0496,2026-07-21,Student,College of Plant Science,Payment/Invoice,Payment confirmation delayed,Low,4.26,0.8,Closed,Yes,Within 8 Hours,No,Fast (< 8 hrs)
HD0497,2026-03-28,Staff,College of Animal Science,Software/MIS,Application error during transaction,Low,3.32,2.35,Closed,Yes,Within 8 Hours,No,Fast (< 8 hrs)
HD0498,2026-02-27,Staff,Postgraduate School,Student Information,Student information request,Medium,1.5,3.31,Closed,Yes,Within 8 Hours,No,Fast (< 8 hrs)
HD0499,2026-08-17,Postgraduate Student,College of Agricultural Management,Hardware,Desktop computer not starting,Low,10.21,38.56,In Progress,No,Beyond 8 Hours,No,Medium (8 hrs - 1 week)
HD0500,2026-01-27,Postgraduate Student,Bursary,ID Card,Lost ID card replacement request,Medium,1.9,6.21,Closed,Yes,Within 8 Hours,No,Fast (< 8 hrs)
